Sample Name,Mass in mg,TStart in °C,TEnd in °C,Tm in °C,∆Hm in Jg-1,Peak Signal Characterisation_Bimodal,Peak Signal Characterisation_Sharp Monodal,Peak Signal Characterisation_Wide Monodal,Peak Signal Characterisation_Left Tail,Peak Signal Characterisation_Right Tail,Peak Signal Characterisation_Left Shoulder,Peak Signal Characterisation_Right Shoulder,Peak Signal Characterisation,Segment,"Tm,2 in °C",Peak Signal Characterisation_Quasibimodal
0-PE-1_1,1.17,55.1,118,110.3,109.6,,x,,l,,x,,,1st Heating,,
0-PE-1_2,1.22,55,119.8,108.5,106,,x,,l,,x,,,1st Heating,,
0-PE-1_3,1.19,55,118,110.1,110.2,,x,,l,,x,,,1st Heating,,
0-PE-1_4,1.27,55,118.22,110.7,108,,x,,l,,x,,,1st Heating,,
0-PE-1_5,1.41,55,118.42,110.6,109.4,,x,,l,,x,,,1st Heating,,
0-PE-2_1,1.48,55,121.81,108.6,113.9,,x,,l,,x,,,1st Heating,,
0-PE-2_2,1.44,55,120.08,109.3,116.3,,x,,l,,x,,,1st Heating,,
0-PE-2_3,1.42,55,120.48,109.9,114.1,,x,,l,,x,,,1st Heating,,
0-PE-2_4,1.49,55,120.06,110.7,117.6,,x,,l,,x,,,1st Heating,,
0-PE-2_5,1.42,55,122.03,109.6,118.4,,x,,l,,x,,,1st Heating,,
0-PE-3_1,1.4,55.29,122.5,110.8,109.1,,x,,l,,x,,,1st Heating,,
0-PE-3_2,1.44,55.2,120.27,110.3,120.2,,x,,l,,x,,,1st Heating,,
0-PE-3_3,1.1,55,122.7,107.6,115.2,,x,,l,,x,,,1st Heating,,
0-PE-3_4,1.33,55,121.07,109.4,114.7,,x,,l,,x,,,1st Heating,,
0-PE-3_5,1.44,55,120.45,110.5,115.5,,x,,l,,x,,,1st Heating,,
0-PE-4_1,1.28,53.4,122.67,110.8,113.2,,x,,l,,x,,,1st Heating,,
0-PE-4_2,1.47,54.61,115.22,110.8,115.3,,x,,l,,x,,,1st Heating,,
0-PE-4_3,1.39,53.8,118.22,110.6,110.5,,x,,l,,x,,,1st Heating,,
0-PE-4_4,1.5,54.5,125.55,111.1,113.2,,x,,l,,x,,,1st Heating,,
0-PE-4_5,1.22,54.5,123.3,110.4,113.1,,x,,l,,x,,,1st Heating,,
0-PE-1_1,1.17,50,118.38,107.7,108.1,,x,,l,,,,,2nd Heating,,
0-PE-1_2,1.22,50,119.3,107.7,107.9,,x,,l,,,,,2nd Heating,,
0-PE-1_3,1.19,50,118.9,107.6,108.1,,x,,l,,,,,2nd Heating,,
0-PE-1_4,1.27,50,118.2,107.7,109.4,,x,,l,,,,,2nd Heating,,
0-PE-1_5,1.41,50,119,107.8,107.1,,x,,l,,,,,2nd Heating,,
0-PE-2_1,1.48,50,118.67,107.7,111.7,,x,,l,,,,,2nd Heating,,
0-PE-2_2,1.44,50,119.2,107.5,113.7,,x,,l,,,,,2nd Heating,,
0-PE-2_3,1.42,50,123.1,106.6,110.3,,x,,l,,,,,2nd Heating,,
0-PE-2_4,1.49,50,118.85,108.1,114,,x,,l,,,,,2nd Heating,,
0-PE-2_5,1.42,50,118.06,108,114.8,,x,,l,,,,,2nd Heating,,
0-PE-3_1,1.4,50,120,107.7,115.1,,x,,l,,,,,2nd Heating,,
0-PE-3_2,1.44,50,120,107.7,112.1,,x,,l,,,,,2nd Heating,,
0-PE-3_3,1.1,50,120,107.4,113.7,,x,,l,,,,,2nd Heating,,
0-PE-3_4,1.33,50,120,107.7,115.1,,x,,l,,,,,2nd Heating,,
0-PE-3_5,1.44,50,118,107.8,113.1,,x,,l,,,,,2nd Heating,,
0-PE-4_1,1.28,51.3,119.77,d to,111.1,,x,,l,,,,,2nd Heating,,
0-PE-4_2,1.47,51.3,119.13,108.2,112,,x,,l,,,,,2nd Heating,,
0-PE-4_3,1.39,50.4,119.45,108,113.7,,x,,l,,,,,2nd Heating,,
0-PE-4_4,1.5,51.36,123.15,108.6,113.7,,x,,l,,,,,2nd Heating,,
0-PE-4_5,1.22,51.3,119.36,108,113,,x,,l,,,,,2nd Heating,,
1-UV-PE-1_1,1.27,58,119.16,110.3,114.6,,x,,l,,x,,,1st Heating,,
1-UV-PE-1_2,1.41,58.02,119.1,110.3,116.6,,x,,l,,x,,,1st Heating,,
1-UV-PE-1_3,1.28,58,119.91,110.4,117.2,,x,,l,,x,,,1st Heating,,
1-UV-PE-1_4,1.5,58,119.9,109.9,111.8,,x,,l,,x,,,1st Heating,,
1-UV-PE-1_5,1.06,58,119.2,110.2,113.7,,x,,l,,x,,,1st Heating,,
1-UV-PE-2_1,1.36,58,120.33,110.1,112.8,,x,,l,,x,,,1st Heating,,
1-UV-PE-2_2,1.25,58,117.35,110.3,113.6,,x,,l,,x,,,1st Heating,,
1-UV-PE-2_3,1.49,58,120.91,110,110.5,,x,,l,,x,,,1st Heating,,
1-UV-PE-2_4,1.35,58,118,109.9,113.5,,x,,l,,x,,,1st Heating,,
1-UV-PE-2_5,1.4,58,115.88,110.1,112.2,,x,,l,,x,,,1st Heating,,
1-UV-PE-3_1,1.37,57.9,120.4,110,114.9,,x,,l,,x,,,1st Heating,,
1-UV-PE-3_2,1.5,57.9,121.2,110,115.4,,x,,l,,x,,,1st Heating,,
1-UV-PE-3_3,1.44,57.9,121.95,110.9,114.1,,x,,l,,x,,,1st Heating,,
1-UV-PE-3_4,1.51,57.9,121.31,110.3,116.4,,x,,l,,x,,,1st Heating,,
1-UV-PE-3_5,1.21,57.9,121.457,108.9,113.9,,x,,l,,x,,,1st Heating,,
1-UV-PE-4_1,1.43,56.497,119.98,110.3,118.39,,x,,l,,x,,,1st Heating,,
1-UV-PE-4_2,1.25,57.37,119.46,110.4,114.4,,x,,l,,x,,,1st Heating,,
1-UV-PE-4_3,1.31,56.1,119.06,110,116.1,,x,,l,,x,,,1st Heating,,
1-UV-PE-4_4,1.5,56.1,121.13,110.5,113.4,,x,,l,,x,,,1st Heating,,
1-UV-PE-4_5,1.44,55.91,120.53,110.1,118,,x,,l,,x,,,1st Heating,,
1-UV-PE-1_1,1.27,59,120.76,107.5,108.4,,x,,l,,,,,2nd Heating,,
1-UV-PE-1_2,1.41,59.9,118.34,107.6,107,,x,,l,,,,,2nd Heating,,
1-UV-PE-1_3,1.28,59,119.5,107.4,108.7,,x,,l,,,,,2nd Heating,,
1-UV-PE-1_4,1.5,58.8,118.55,107.8,109.3,,x,,l,,,,,2nd Heating,,
1-UV-PE-1_5,1.06,58.8,120.78,106.8,104.1,,x,,l,,,,,2nd Heating,,
1-UV-PE-2_1,1.36,60.9,118.17,107.5,106.7,,x,,l,,,,,2nd Heating,,
1-UV-PE-2_2,1.25,58.57,119.7,107.6,107.9,,x,,l,,,,,2nd Heating,,
1-UV-PE-2_3,1.49,58.6,118.91,107.7,107,,x,,l,,,,,2nd Heating,,
1-UV-PE-2_4,1.35,61.55,119.23,107.8,106.3,,x,,l,,,,,2nd Heating,,
1-UV-PE-2_5,1.4,61.14,120.9,107.9,105.9,,x,,l,,,,,2nd Heating,,
1-UV-PE-3_1,1.37,59.2,119.09,107.9,109,,x,,l,,,,,2nd Heating,,
1-UV-PE-3_2,1.5,59,119.858,107.9,108.7,,x,,l,,,,,2nd Heating,,
1-UV-PE-3_3,1.44,59.2,119.54,108,106.5,,x,,l,,,,,2nd Heating,,
1-UV-PE-3_4,1.51,59.2,118.61,107.9,107.6,,x,,l,,,,,2nd Heating,,
1-UV-PE-3_5,1.21,59.43,119.08,107.4,108,,x,,l,,,,,2nd Heating,,
1-UV-PE-4_1,1.43,60.7,120.33,107.8,106.36,,x,,l,,,,,2nd Heating,,
1-UV-PE-4_2,1.25,59,119.18,107.5,104.7,,x,,l,,,,,2nd Heating,,
1-UV-PE-4_3,1.31,59.3,118.32,107.7,105.5,,x,,l,,,,,2nd Heating,,
1-UV-PE-4_4,1.5,60.7,118.66,107.8,104.5,,x,,l,,,,,2nd Heating,,
1-UV-PE-4_5,1.44,61.6,118.3,107.8,105.3,,x,,l,,,,,2nd Heating,,
2-UV-PE-1_1,1.2,58,120.91,110.6,114.3,,x,,l,,x,,,1st Heating,,
2-UV-PE-1_2,1.42,58,119.35,110.9,113.6,,x,,l,,x,,,1st Heating,,
2-UV-PE-1_3,1.35,58,120.3,111,113.5,,x,,l,,x,,,1st Heating,,
2-UV-PE-1_4,1.27,58,121.79,110.8,111.9,,x,,l,,x,,,1st Heating,,
2-UV-PE-1_5,1.5,58,120.81,110.6,114.5,,x,,l,,x,,,1st Heating,,
2-UV-PE-2_1,1.11,58,117.5,110.4,112.7,,x,,l,,x,,,1st Heating,,
2-UV-PE-2_2,1.27,58,119.74,110.3,111.9,,x,,l,,x,,,1st Heating,,
2-UV-PE-2_3,1.44,58,120.37,110.8,113.5,,x,,l,,x,,,1st Heating,,
2-UV-PE-2_4,1.34,58,120.55,111,112.6,,x,,l,,x,,,1st Heating,,
2-UV-PE-2_5,1.49,58,119.82,110.6,113.6,,x,,l,,x,,,1st Heating,,
2-UV-PE-3_1,1.12,58,118.06,110.2,113.2,,x,,l,,x,,,1st Heating,,
2-UV-PE-3_2,1.46,58,120.44,110.6,110.5,,x,,l,,x,,,1st Heating,,
2-UV-PE-3_3,1.46,58.07,120.92,110.6,111.9,,x,,l,,x,,,1st Heating,,
2-UV-PE-3_4,1.16,58,118.71,110.7,114.4,,x,,l,,x,,,1st Heating,,
2-UV-PE-3_5,1.19,58,118.76,110.4,111.5,,x,,l,,x,,,1st Heating,,
2-UV-PE-4_1,1.21,58,119.44,111,111,,x,,x,,x,,,1st Heating,,
2-UV-PE-4_2,1.28,58,120.195,110.7,112.1,,x,,x,,x,,,1st Heating,,
2-UV-PE-4_3,1.45,58,120.32,110.8,114.9,,x,,x,,x,,,1st Heating,,
2-UV-PE-4_4,1.16,58,119.41,110.7,114.7,,x,,x,,x,,,1st Heating,,
2-UV-PE-4_5,1.17,58,118.52,110.4,115,,x,,x,,x,,,1st Heating,,
2-UV-PE-1_1,1.2,50.7,116.46,107.8,113.7,,x,,l,,,,,2nd Heating,,
2-UV-PE-1_2,1.42,50.7,118.58,108.1,114.4,,x,,l,,,,,2nd Heating,,
2-UV-PE-1_3,1.35,50.7,118.63,108.3,112.8,,x,,l,,,,,2nd Heating,,
2-UV-PE-1_4,1.27,50.7,119.3,108.2,112.4,,x,,l,,,,,2nd Heating,,
2-UV-PE-1_5,1.5,50.7,118.36,108,113.9,,x,,l,,,,,2nd Heating,,
2-UV-PE-2_1,1.11,50.9,115.1,107.8,111.7,,x,,l,,,,,2nd Heating,,
2-UV-PE-2_2,1.27,50,117.7,107.9,111.7,,x,,l,,,,,2nd Heating,,
2-UV-PE-2_3,1.44,50,117.8,108,113.3,,x,,l,,,,,2nd Heating,,
2-UV-PE-2_4,1.34,50,117.2,108.2,111.8,,x,,l,,,,,2nd Heating,,
2-UV-PE-2_5,1.49,50,117.2,107.9,112,,x,,l,,,,,2nd Heating,,
2-UV-PE-3_1,1.12,50.5,117.77,107.7,113.5,,x,,l,,,,,2nd Heating,,
2-UV-PE-3_2,1.46,50.58,121.75,108,110.3,,x,,l,,,,,2nd Heating,,
2-UV-PE-3_3,1.46,50.616,120.49,108.2,111.6,,x,,l,,,,,2nd Heating,,
2-UV-PE-3_4,1.16,50.75,118.69,108.1,113.7,,x,,l,,,,,2nd Heating,,
2-UV-PE-3_5,1.19,50.5,118.54,107.8,110.9,,x,,l,,,,,2nd Heating,,
2-UV-PE-4_1,1.21,50,118.37,108.3,111.8,,x,,l,,,,,2nd Heating,,
2-UV-PE-4_2,1.28,50,118.49,108.1,113.4,,x,,l,,,,,2nd Heating,,
2-UV-PE-4_3,1.45,50,118.25,108,114.7,,x,,l,,,,,2nd Heating,,
2-UV-PE-4_4,1.16,50,118.53,107.9,114.7,,x,,l,,,,,2nd Heating,,
2-UV-PE-4_5,1.17,50,117.9,107.8,115.5,,x,,l,,,,,2nd Heating,,
3-UV-PE-1_1,1.48,58,118.97,110,127.7,,x,,l,,x,,,1st Heating,,
3-UV-PE-1_2,1.27,58,116.96,109.7,123.7,,x,,l,,x,,,1st Heating,,
3-UV-PE-1_3,1.37,58.5,118.9,110.2,123.7,,x,,l,,x,,,1st Heating,,
3-UV-PE-1_4,1.41,58,118.532,110.2,125,,x,,l,,x,,,1st Heating,,
3-UV-PE-1_5,1.47,58.2,119.19,110.2,124.5,,x,,l,,x,,,1st Heating,,
3-UV-PE-2_1,1.33,58.76,119.44,109.9,131.3,,x,,l,,x,,,1st Heating,,
3-UV-PE-2_2,1.36,58,118.72,110.5,129,,x,,l,,x,,,1st Heating,,
3-UV-PE-2_3,1.44,58,119.31,110.4,124.8,,x,,l,,x,,,1st Heating,,
3-UV-PE-2_4,1.37,58,120.74,110.1,125.6,,x,,l,,x,,,1st Heating,,
3-UV-PE-2_5,1.5,58,120.56,110,128.6,,x,,l,,x,,,1st Heating,,
3-UV-PE-3_1,1.49,58.176,120.76,110.1,125.6,,x,,l,,x,,,1st Heating,,
3-UV-PE-3_2,1.35,58.102,119.85,110.6,130.9,,x,,l,,x,,,1st Heating,,
3-UV-PE-3_3,1.3,58.382,119.25,109.8,130.4,,x,,l,,x,,,1st Heating,,
3-UV-PE-3_4,1.33,58,119.77,110.2,130.5,,x,,l,,x,,,1st Heating,,
3-UV-PE-3_5,1.35,58.044,120.35,110.2,128,,x,,l,,x,,,1st Heating,,
3-UV-PE-4_1,1.27,58,119.7,110.2,124.5,,x,,l,,x,,,1st Heating,,
3-UV-PE-4_2,1.32,58,119.65,110,125.5,,x,,l,,x,,,1st Heating,,
3-UV-PE-4_3,1.19,59.209,117.97,109.9,124.5,,x,,l,,x,,,1st Heating,,
3-UV-PE-4_4,1.46,58,119.65,110.3,126.1,,x,,l,,x,,,1st Heating,,
3-UV-PE-4_5,1.4,58,119.71,110,127.5,,x,,l,,x,,,1st Heating,,
3-UV-PE-1_1,1.48,50.127,119.43,107.7,119.8,,x,,l,,,,,2nd Heating,,
3-UV-PE-1_2,1.27,50,119.29,106.7,117,,x,,l,,,,,2nd Heating,,
3-UV-PE-1_3,1.37,50,118.87,107.6,118.6,,x,,l,,,,,2nd Heating,,
3-UV-PE-1_4,1.41,50,118.16,107.3,116.3,,x,,l,,,,,2nd Heating,,
3-UV-PE-1_5,1.47,50,118.97,107.8,116.8,,x,,l,,,,,2nd Heating,,
3-UV-PE-2_1,1.33,50,120,107.1,122.9,,x,,l,,,,,2nd Heating,,
3-UV-PE-2_2,1.36,50.785,120.23,107.9,120.7,,x,,l,,,,,2nd Heating,,
3-UV-PE-2_3,1.44,50.08,120.97,107.7,120,,x,,l,,,,,2nd Heating,,
3-UV-PE-2_4,1.37,50,122.8,106.6,111.6,,x,,l,,,,,2nd Heating,,
3-UV-PE-2_5,1.5,50.05,120.2,107.4,119.5,,x,,l,,,,,2nd Heating,,
3-UV-PE-3_1,1.49,50,119.89,107.8,117.5,,x,,l,,,,,2nd Heating,,
3-UV-PE-3_2,1.35,50,121.88,107.4,118.6,,x,,l,,,,,2nd Heating,,
3-UV-PE-3_3,1.3,50,120.1,107.4,119.8,,x,,l,,,,,2nd Heating,,
3-UV-PE-3_4,1.33,50,120.63,107.5,119.2,,x,,l,,,,,2nd Heating,,
3-UV-PE-3_5,1.35,50,120.71,107.8,120.5,,x,,l,,,,,2nd Heating,,
3-UV-PE-4_1,1.27,50,120.94,107.4,117,,x,,l,,,,,2nd Heating,,
3-UV-PE-4_2,1.32,50,123.71,106.8,118.3,,x,,l,,,,,2nd Heating,,
3-UV-PE-4_3,1.19,50,118.59,107.6,117.9,,x,,l,,,,,2nd Heating,,
3-UV-PE-4_4,1.46,50,122.52,107.9,121.3,,x,,l,,,,,2nd Heating,,
3-UV-PE-4_5,1.4,50,120,107.6,121.1,,x,,l,,,,,2nd Heating,,
1-EBT-PE-1_1,1.18,58,113.1,102.4,107.3,,,x,l,,,,,1st Heating,,
1-EBT-PE-1_2,1.25,58,113.72,102,105.8,,,x,l,,,,,1st Heating,,
1-EBT-PE-1_3,1.07,58.15,115.52,101.7,104.9,,,x,l,,,,,1st Heating,,
1-EBT-PE-1_4,1.16,58,114.81,102,107.4,,,x,l,,,,,1st Heating,,
1-EBT-PE-1_5,1.16,59.1,113.14,102.3,107.9,,,x,l,,,,,1st Heating,,
1-EBT-PE-2_1,1.44,58.59,114.98,102.1,109,,,x,l,,,,,1st Heating,,
1-EBT-PE-2_2,1.05,58,115.38,101.7,109.5,,,x,l,,,,,1st Heating,,
1-EBT-PE-2_3,1.15,58,114.76,101.4,108.9,,,x,l,,,,,1st Heating,,
1-EBT-PE-2_4,1.27,58,112.98,101.3,106.6,,,x,l,,,,,1st Heating,,
1-EBT-PE-2_5,1.16,58.07,114.43,102,108.5,,,x,l,,,,,1st Heating,,
1-EBT-PE-3_1,1.08,58,114.51,102.4,112.2,,,x,l,,,,,1st Heating,,
1-EBT-PE-3_2,1.28,58,117.99,101.3,106.3,,,x,l,,,,,1st Heating,,
1-EBT-PE-3_3,1.19,58,115.55,102,113.3,,,x,l,,,,,1st Heating,,
1-EBT-PE-3_4,1.23,58,116.01,102.2,109.1,,,x,l,,,,,1st Heating,,
1-EBT-PE-3_5,1.49,58,115.85,102.5,110,,,x,l,,,,,1st Heating,,
1-EBT-PE-4_1,1.21,58,114.1,101.7,104.9,,,x,l,,,,,1st Heating,,
1-EBT-PE-4_2,1.08,58,112.1,102.1,102.4,,,x,l,,,,,1st Heating,,
1-EBT-PE-4_3,1.13,58.143,113.4,101.2,104.9,,,x,l,,,,,1st Heating,,
1-EBT-PE-4_4,1.21,58.45,112.2,103.2,101.6,,,x,l,,,,,1st Heating,,
1-EBT-PE-4_5,1.23,59.2,115,102.3,115.7,,,x,l,,,,,1st Heating,,
1-EBT-PE-1_1,1.18,58.01,114.42,98.2,86.79,1>2,,,s,,,,,2nd Heating,107.5,
1-EBT-PE-1_2,1.25,58.01,116.1,97.3,84.7,1>2,,,s,,,,,2nd Heating,106.1,
1-EBT-PE-1_3,1.07,58.01,115.24,98,86.94,1>2,,,s,,,,,2nd Heating,106.9,
1-EBT-PE-1_4,1.16,58.01,114.61,97.2,86.21,1>2,,,s,,,,,2nd Heating,106.8,
1-EBT-PE-1_5,1.16,58.01,118.28,97.4,85.46,1>2,,,s,,,,,2nd Heating,105.4,
1-EBT-PE-2_1,1.44,58,112.04,97.7,86.94,1>2,,,s,,,,,2nd Heating,106.5,
1-EBT-PE-2_2,1.05,58.5,113,98.5,89.58,1>2,,,s,,,,,2nd Heating,106.5,
1-EBT-PE-2_3,1.15,59.35,112.04,97.5,86.32,1>2,,,s,,,,,2nd Heating,104.9,
1-EBT-PE-2_4,1.27,58.83,113,97.7,85.76,1>2,,,s,,,,,2nd Heating,105.7,
1-EBT-PE-2_5,1.16,58.43,112.81,98.4,86.55,1>2,,,s,,,,,2nd Heating,105.9,
1-EBT-PE-3_1,1.08,58.13,113.41,96.9,90.29,1=2,,,s,,,,,2nd Heating,104,
1-EBT-PE-3_2,1.28,58.04,115.88,96.3,87.66,1=2,,,s,,,,,2nd Heating,104.4,
1-EBT-PE-3_3,1.19,58,113.9,98.6,89.98,1=2,,,s,,,,,2nd Heating,104.5,
1-EBT-PE-3_4,1.23,58,114.51,97.2,89.14,1=2,,,s,,,,,2nd Heating,105.3,
1-EBT-PE-3_5,1.49,58,115.06,97.7,89.86,1=2,,,s,,,,,2nd Heating,106.3,
1-EBT-PE-4_1,1.21,58.26,117.87,98.1,86.24,1>2,,,s,,,,,2nd Heating,105.6,
1-EBT-PE-4_2,1.08,58,114.66,97.8,87.45,1>2,,,s,,,,,2nd Heating,105.5,
1-EBT-PE-4_3,1.13,58,112.12,97,84.94,1>2,,,s,,,,,2nd Heating,105.7,
1-EBT-PE-4_4,1.21,58,115.55,97.9,85.45,1>2,,,s,,,,,2nd Heating,105.3,
1-EBT-PE-4_5,1.23,58,114.94,97.9,87.28,1>2,,,s,,,,,2nd Heating,106.5,
2-EBT-PE-1_1,1.15,58.74,112.04,99.8,103.9,,,x,l,,,,,1st Heating,,
2-EBT-PE-1_2,1.46,58,114.76,100.3,108.9,,,x,l,,,,,1st Heating,,
2-EBT-PE-1_3,1.23,58,113.174,100.4,106.1,,,x,l,,,,,1st Heating,,
2-EBT-PE-1_4,1.24,58,114.1,100.3,107.8,,,x,l,,,,,1st Heating,,
2-EBT-PE-1_5,1.45,58,114.3,100.4,106.6,,,x,l,,,,,1st Heating,,
2-EBT-PE-2_1,1.17,60,113.26,100.7,106.3,,,x,l,,,,,1st Heating,,
2-EBT-PE-2_2,1.35,60.51,114.42,100.5,103.7,,,x,l,,,,,1st Heating,,
2-EBT-PE-2_3,1.29,60,113.65,100,104.6,,,x,l,,,,,1st Heating,,
2-EBT-PE-2_4,1.2,60,114.1,99.9,103.2,,,x,l,,,,,1st Heating,,
2-EBT-PE-2_5,1.33,68.6,114.91,100.3,107.1,,,x,l,,,,,1st Heating,,
2-EBT-PE-3_1,1.1,59.55,113.82,100.1,106.2,,,x,l,,,,,1st Heating,,
2-EBT-PE-3_2,1.27,58.8,114.9,100.3,107.3,,,x,l,,,,,1st Heating,,
2-EBT-PE-3_3,1.3,58.6,114.86,100,106.1,,,x,l,,,,,1st Heating,,
2-EBT-PE-3_4,1.2,58.6,112.68,99.5,105.7,,,x,l,,,,,1st Heating,,
2-EBT-PE-3_5,1.22,58.85,114.8,99.8,106.8,,,x,l,,,,,1st Heating,,
2-EBT-PE-4_1,1.48,58,114.32,100.7,108.2,,,x,l,,,,,1st Heating,,
2-EBT-PE-4_2,1.47,58,114,100.4,109.7,,,x,l,,,,,1st Heating,,
2-EBT-PE-4_3,1.39,58,115.38,100.5,108.5,,,x,l,,,,,1st Heating,,
2-EBT-PE-4_4,1.31,58,113.58,100,106.9,,,x,l,,,,,1st Heating,,
2-EBT-PE-4_5,1.48,57.6,115,101,106.8,,,x,l,,,,,1st Heating,,
2-EBT-PE-1_1,1.15,59.2,112.8,94,71.66,,,x,s,,,,,2nd Heating,,
2-EBT-PE-1_2,1.46,59.36,109.75,95.4,75.05,,,x,s,,,,,2nd Heating,,
2-EBT-PE-1_3,1.23,59.2,112.37,94.4,72.36,,,x,s,,,,,2nd Heating,,
2-EBT-PE-1_4,1.24,59.43,112.45,95.4,76.3,,,x,s,,,,,2nd Heating,,
2-EBT-PE-1_5,1.45,59.2,109.79,95.1,74.23,,,x,s,,,,,2nd Heating,,
2-EBT-PE-2_1,1.17,59.2,112.93,94.2,73.79,,,x,s,,,,,2nd Heating,,
2-EBT-PE-2_2,1.35,59.35,112.94,94.6,75.8,,,x,s,,,,,2nd Heating,,
2-EBT-PE-2_3,1.29,58.74,111.35,95.2,74.28,,,x,s,,,,,2nd Heating,,
2-EBT-PE-2_4,1.2,58.3,111.98,95.3,73.01,,,x,s,,,,,2nd Heating,,
2-EBT-PE-2_5,1.33,59.2,112.44,95.2,75.47,,,x,s,,,,,2nd Heating,,
2-EBT-PE-3_1,1.1,58.5,112.81,94.3,74.06,,,x,s,,,,,2nd Heating,,
2-EBT-PE-3_2,1.27,59.6,109.9,94.3,73.1,,,x,s,,,,,2nd Heating,,
2-EBT-PE-3_3,1.3,58.32,113.02,94.4,73.87,,,x,s,,,,,2nd Heating,,
2-EBT-PE-3_4,1.2,58.5,110.01,94.5,74.71,,,x,s,,,,,2nd Heating,,
2-EBT-PE-3_5,1.22,58.5,110.35,94.5,72.73,,,x,s,,,,,2nd Heating,,
2-EBT-PE-4_1,1.48,58.5,112.46,95.9,75.34,,,x,s,,,,,2nd Heating,,
2-EBT-PE-4_2,1.47,58.5,112.24,95.7,79.3,,,x,s,,,,,2nd Heating,,
2-EBT-PE-4_3,1.39,58.5,111.77,95.2,77.92,,,x,s,,,,,2nd Heating,,
2-EBT-PE-4_4,1.31,58.5,111.13,95.2,77.3,,,x,s,,,,,2nd Heating,,
2-EBT-PE-4_5,1.48,58.1,112.94,95.3,79.24,,,x,s,,,,,2nd Heating,,
3-EBT-PE-1_1,1.24,64.59,108.74,98.5,90.2,,,x,l,,,,,1st Heating,,
3-EBT-PE-1_2,1.27,64.3,110.08,98.7,91.2,,,x,l,,,,,1st Heating,,
3-EBT-PE-1_3,1.34,64.57,110.23,98.7,88.28,,,x,l,,,,,1st Heating,,
3-EBT-PE-1_4,1.37,65.51,108.47,97.9,90.14,,,x,l,,,,,1st Heating,,
3-EBT-PE-1_5,1.17,64.9,109.2,98.6,89.95,,,x,l,,,,,1st Heating,,
3-EBT-PE-2_1,1.47,65.3,111.73,99,89.28,,,x,l,,,,,1st Heating,,
3-EBT-PE-2_2,1.25,65.3,111.1,98.8,88.85,,,x,l,,,,,1st Heating,,
3-EBT-PE-2_3,1.28,65.39,112.3,98.4,89.41,,,x,l,,,,,1st Heating,,
3-EBT-PE-2_4,1.43,65.3,111.07,98.5,90.67,,,x,l,,,,,1st Heating,,
3-EBT-PE-2_5,1.5,65.3,110.18,98.6,88.81,,,x,l,,,,,1st Heating,,
3-EBT-PE-3_1,1.18,64.48,112.41,98.2,90.31,,,x,l,,,,,1st Heating,,
3-EBT-PE-3_2,1.29,64.44,113.5,98.7,90.7,,,x,l,,,,,1st Heating,,
3-EBT-PE-3_3,1.44,65.3,113,99.1,91.85,,,x,l,,,,,1st Heating,,
3-EBT-PE-3_4,1.34,65.3,111.83,99,92.43,,,x,l,,,,,1st Heating,,
3-EBT-PE-3_5,1.37,65.3,113.31,98.7,89.668,,,x,l,,,,,1st Heating,,
3-EBT-PE-4_1,1.34,63.4,111.8,98.3,92.29,,,x,l,,,,,1st Heating,,
3-EBT-PE-4_2,1.38,63.32,112.9,98.9,93.55,,,x,l,,,,,1st Heating,,
3-EBT-PE-4_3,1.35,65.8,111.7,98.9,93.73,,,x,l,,,,,1st Heating,,
3-EBT-PE-4_4,1.36,65.9,110.95,99.2,88.84,,,x,l,,,,,1st Heating,,
3-EBT-PE-4_5,1.34,65.8,111.7,99.4,90.66,,,x,l,,,,,1st Heating,,
3-EBT-PE-1_1,1.24,50.4,108.18,92.3,73.14,,,x,s,,,,,2nd Heating,,
3-EBT-PE-1_2,1.27,51.31,110.4,93.2,73.73,,,x,s,,,,,2nd Heating,,
3-EBT-PE-1_3,1.34,50.52,110.36,92,72.46,,,x,s,,,,,2nd Heating,,
3-EBT-PE-1_4,1.37,50.63,109.56,93.2,75.4,,,x,s,,,,,2nd Heating,,
3-EBT-PE-1_5,1.31,53.7,109.6,93.5,75.83,,,x,s,,,,,2nd Heating,,
3-EBT-PE-1_σ in %,4.000719901259768,2.691031764157921,0.8202067795288809,0.7005434098022032,1.9588558171096029,,,,,,,,,2nd Heating,,
3-EBT-PE-2_1,1.47,52.7,110.01,93.6,75.32,,,x,s,,,,,2nd Heating,,
3-EBT-PE-2_2,1.25,52.7,110.12,93.5,75.64,,,x,s,,,,,2nd Heating,,
3-EBT-PE-2_3,1.28,54,111.56,93,75.08,,,x,s,,,,,2nd Heating,,
3-EBT-PE-2_4,1.43,54,109.78,93.1,75.37,,,x,s,,,,,2nd Heating,,
3-EBT-PE-2_5,1.5,54.62,109.19,93.3,75.53,,,x,s,,,,,2nd Heating,,
3-EBT-PE-3_1,1.18,52.7,110.75,93.4,75.17,,,x,s,,,,,2nd Heating,,
3-EBT-PE-3_2,1.29,53.1,112.4,93.9,74.76,,,x,s,,,,,2nd Heating,,
3-EBT-PE-3_3,1.44,52.9,109.73,94.1,74.84,,,x,s,,,,,2nd Heating,,
3-EBT-PE-3_4,1.34,53.3,112.4,93.3,75.85,,,x,s,,,,,2nd Heating,,
3-EBT-PE-3_5,1.37,54.2,109.64,93.5,73.48,,,x,s,,,,,2nd Heating,,
3-EBT-PE-4_1,1.34,52.5,111.68,93.4,75.67,,,x,s,,,,,2nd Heating,,
3-EBT-PE-4_2,1.38,55,109.08,93.6,74.97,,,x,s,,,,,2nd Heating,,
3-EBT-PE-4_3,1.35,55,112.292,93.2,75.39,,,x,s,,,,,2nd Heating,,
3-EBT-PE-4_4,1.36,54.6,112.9,93.4,72.86,,,x,s,,,,,2nd Heating,,
3-EBT-PE-4_5,1.34,54.5,110.33,94,74.65,,,x,s,,,,,2nd Heating,,
0-PET-1_1,1.44,215,255.1,244.6,32.03,,,x,x,,,,,1st Heating,,
0-PET-1_2,1.35,215,255.14,244.9,32.51,,,x,x,,,,,1st Heating,,
0-PET-1_3,1.39,215,255.01,244.7,33.5,,,x,x,,,,,1st Heating,,
0-PET-1_4,1.28,215,255.24,243.7,30.47,,,x,x,,,,,1st Heating,,
0-PET-1_5,1.34,215,255.41,244.8,32.94,,,x,x,,,,,1st Heating,,
0-PET-2_1,1.42,214.53,256.169,243.7,32.58,,,x,x,,,,,1st Heating,,
0-PET-2_2,1.08,215,256.88,242.1,30.39,,,x,x,,,,,1st Heating,,
0-PET-2_3,1.33,215.1,257.5,243.2,31.32,,,x,x,,,,,1st Heating,,
0-PET-2_4,1.39,214.69,257.4,244.2,31.14,,,x,x,,,,,1st Heating,,
0-PET-2_5,1.29,214.6,258.42,244.2,32.61,,,x,x,,,,,1st Heating,,
0-PET-3_1,1.33,215.33,256.4,244,32.53,,,x,x,,,,,1st Heating,,
0-PET-3_2,1.42,215.04,255.91,243.4,32.8,,,x,x,,,,,1st Heating,,
0-PET-3_3,1.43,215,256.25,243.8,33.04,,,x,x,,,,,1st Heating,,
0-PET-3_4,1.28,215.37,254.53,243.7,31.3,,,x,x,,,,,1st Heating,,
0-PET-3_5,1.26,215,255.61,243.7,31.94,,,x,x,,,,,1st Heating,,
0-PET-4_1,1.16,214.7,255.34,244.3,32.6,,,x,x,,,,,1st Heating,,
0-PET-4_2,1.17,215.08,256.62,244.2,30.83,,,x,x,,,,,1st Heating,,
0-PET-4_3,1.16,215.6,258.8,243.5,32.11,,,x,x,,,,,1st Heating,,
0-PET-4_4,1.29,214.7,255.89,244.6,31.79,,,x,x,,,,,1st Heating,,
0-PET-4_5,1.42,214.7,259.1,243.9,32.06,,,x,x,,,,,1st Heating,,
0-PET-1_1,1.44,200,253.77,230.2,28.88,x,,,x,,,,1<2,2nd Heating,240.2,
0-PET-1_2,1.35,200.79,256.3,230.5,30.34,x,,,x,,,,1<2,2nd Heating,240.6,
0-PET-1_3,1.39,200,254.25,229.8,30,x,,,x,,,,1<2,2nd Heating,240.3,
0-PET-1_4,1.28,200,254.59,230.2,29.29,x,,,x,,,,1<2,2nd Heating,240.2,
0-PET-1_5,1.34,200,255.31,229.7,31.94,x,,,x,,,,1<2,2nd Heating,240.1,
0-PET-2_1,1.42,197.73,251.2,231.7,28.06,x,,,x,,,,1<2,2nd Heating,240.5,
0-PET-2_2,1.08,201.21,251.22,231.1,26.2,x,,,x,,,,1<2,2nd Heating,239.8,
0-PET-2_3,1.33,199.86,252.59,230.8,28.07,x,,,x,,,,1<2,2nd Heating,239.8,
0-PET-2_4,1.39,199.64,251.15,229.8,26.33,x,,,x,,,,1<2,2nd Heating,240,
0-PET-2_5,1.29,199.1,251.15,228.7,28.25,x,,,x,,,,1<2,2nd Heating,239.6,
0-PET-3_1,1.33,203.02,252.13,230.7,29.16,x,,,x,,,,1<2,2nd Heating,239.9,
0-PET-3_2,1.42,201.78,250.53,230.7,29.19,x,,,x,,,,1<2,2nd Heating,239.7,
0-PET-3_3,1.43,200.56,252.82,230.9,29.46,x,,,x,,,,1<2,2nd Heating,239.6,
0-PET-3_4,1.28,203.79,253.83,230.9,28.78,x,,,x,,,,1<2,2nd Heating,240.3,
0-PET-3_5,1.26,200.22,252.53,230.8,30.23,x,,,x,,,,1<2,2nd Heating,240.3,
0-PET-4_1,1.16,205.48,251.33,230.3,28.3,x,,,x,,,,1<2,2nd Heating,239.8,
0-PET-4_2,1.17,203.7,251.66,228.7,27.74,x,,,x,,,,1<2,2nd Heating,239.7,
0-PET-4_3,1.16,204.8,252.3,231.4,27.82,x,,,x,,,,1<2,2nd Heating,240.2,
0-PET-4_4,1.29,203.86,252.52,230.3,28.81,x,,,x,,,,1<2,2nd Heating,240.2,
0-PET-4_5,1.42,203.7,253.95,230.3,29.82,x,,,x,,,,1<2,2nd Heating,240.6,
1-UV-PET-1_1,1.38,207.9,256.3,244.4,36.99,,,x,s,,,,,1st Heating,,
1-UV-PET-1_2,1.32,208.6,257.7,245.2,36.01,,,x,s,,,,,1st Heating,,
1-UV-PET-1_3,1.56,204.9,256.5,244.7,37.04,,,x,s,,,,,1st Heating,,
1-UV-PET-1_4,1.41,201.9,256.5,244.7,38.46,,,x,s,,,,,1st Heating,,
1-UV-PET-1_5,1.31,201.7,255.1,244.1,37.15,,,x,s,,,,,1st Heating,,
1-UV-PET-2_1,1.22,215.8,255,244.2,35.93,,,x,s,,,,,1st Heating,,
1-UV-PET-2_2,1.17,209.8,258.5,244.6,37.09,,,x,s,,,,,1st Heating,,
1-UV-PET-2_3,1.34,209.7,259.9,244.1,35.51,,,x,s,,,,,1st Heating,,
1-UV-PET-2_4,1.26,207.5,256,244.9,37.36,,,x,s,,,,,1st Heating,,
1-UV-PET-2_5,1.19,209.94,255.3,243.7,36.86,,,x,s,,,,,1st Heating,,
1-UV-PET-3_1,1.38,217.1,257.6,244,35.75,,,x,s,,,,,1st Heating,,
1-UV-PET-3_2,1.51,215.5,259.6,243.2,35.28,,,x,s,,,,,1st Heating,,
1-UV-PET-3_3,1.53,217.1,256.5,244.2,36,,,x,s,,,,,1st Heating,,
1-UV-PET-3_4,1.38,215.9,257,244.2,35.72,,,x,s,,,,,1st Heating,,
1-UV-PET-3_5,1.31,217.3,256.3,244.8,34.81,,,x,s,,,,,1st Heating,,
1-UV-PET-4_1,1.21,207.6,257,243.6,37.11,,,x,s,,,,,1st Heating,,
1-UV-PET-4_2,1.18,210.1,255.4,244.2,36.78,,,x,s,,,,,1st Heating,,
1-UV-PET-4_3,1.11,209.5,257.1,243.7,36.76,,,x,s,,,,,1st Heating,,
1-UV-PET-4_4,1.4,214.8,257.8,244.2,36.66,,,x,s,,,,,1st Heating,,
1-UV-PET-4_5,1.13,209.9,257.39,242.9,35.18,,,x,s,,,,,1st Heating,,
1-UV-PET-1_1,1.38,207.3,256.3,235.3,36.85,x,,,s,,,,,2nd Heating,244.7,
1-UV-PET-1_2,1.32,207.7,257.7,235.6,36.73,x,,,s,,,,,2nd Heating,245.5,
1-UV-PET-1_3,1.56,205.2,256.7,235.1,38.31,x,,,s,,,,,2nd Heating,245.1,
1-UV-PET-1_4,1.41,208.8,257.1,235.2,36.87,x,,,s,,,,,2nd Heating,244.9,
1-UV-PET-1_5,1.31,204,256.5,234.6,35.91,x,,,s,,,,,2nd Heating,244.7,
1-UV-PET-2_1,1.22,205.7,258,235.2,37.92,x,,,s,,,,,2nd Heating,244.4,
1-UV-PET-2_2,1.17,206,257.6,234.9,36.82,x,,,s,,,,,2nd Heating,244.9,
1-UV-PET-2_3,1.34,207.1,258.8,234.9,35.54,x,,,s,,,,,2nd Heating,244.6,
1-UV-PET-2_4,1.26,207.7,257.8,235.1,37.34,x,,,s,,,,,2nd Heating,244.4,
1-UV-PET-2_5,1.19,209.03,258,234,36.53,x,,,s,,,,,2nd Heating,243.7,
1-UV-PET-3_1,1.38,206.5,255.9,234.5,37.58,x,,,s,,,,,2nd Heating,244.4,
1-UV-PET-3_2,1.51,205.7,257.9,235.1,38.44,x,,,s,,,,,2nd Heating,244.7,
1-UV-PET-3_3,1.53,209.1,257.5,234.4,38.25,x,,,s,,,,,2nd Heating,244.6,
1-UV-PET-3_4,1.38,206.1,256.3,234.8,37.15,x,,,s,,,,,2nd Heating,244.6,
1-UV-PET-3_5,1.31,207,257.1,234.9,37.28,x,,,s,,,,,2nd Heating,245.1,
1-UV-PET-4_1,1.21,207.8,256.6,235.3,37.11,x,,,s,,,,,2nd Heating,244.7,
1-UV-PET-4_2,1.18,207.6,255.9,234.3,35.93,x,,,s,,,,,2nd Heating,244.5,
1-UV-PET-4_3,1.11,207.9,256.1,234.2,36.49,x,,,s,,,,,2nd Heating,244.1,
1-UV-PET-4_4,1.4,206.4,256.3,234.2,38.49,x,,,s,,,,,2nd Heating,244.7,
1-UV-PET-4_5,1.13,205.6,257.4,232.9,35.32,x,,,s,,,,,2nd Heating,243.2,
2-UV-PET-1_1,1.28,207.5,256.2,243.4,34.14,,,x,s,,,,,1st Heating,,
2-UV-PET-1_2,1.4,207.5,255.7,243.1,35.76,,,x,s,,,,,1st Heating,,
2-UV-PET-1_3,1.27,207.5,255.1,243.3,36.88,,,x,s,,,,,1st Heating,,
2-UV-PET-1_4,1.33,207.5,255.9,242.7,35.52,,,x,s,,,,,1st Heating,,
2-UV-PET-1_5,1.33,207.5,255.4,242.8,32.71,,,x,s,,,,,1st Heating,,
2-UV-PET-2_1,1.14,204.9,255.2,243.8,35.15,,,x,s,,,,,1st Heating,,
2-UV-PET-2_2,1.34,204.9,255.3,243.3,35.68,,,x,s,,,,,1st Heating,,
2-UV-PET-2_3,1.35,204.9,255.1,244,35.46,,,x,s,,,,,1st Heating,,
2-UV-PET-2_4,1.24,204.9,255.8,243.5,36.8,,,x,s,,,,,1st Heating,,
2-UV-PET-2_5,1.29,204.9,255.8,243.9,35.77,,,x,s,,,,,1st Heating,,
2-UV-PET-3_1,1.42,206.5,255.2,243.7,34.3,,,x,s,,,,,1st Heating,,
2-UV-PET-3_2,1.26,206.5,255.4,242.9,35.55,,,x,s,,,,,1st Heating,,
2-UV-PET-3_3,1.28,206.5,254.1,242.6,34.75,,,x,s,,,,,1st Heating,,
2-UV-PET-3_4,1.46,206.5,253.7,243,34.51,,,x,s,,,,,1st Heating,,
2-UV-PET-3_5,1.12,206.5,255.3,242.7,34.87,,,x,s,,,,,1st Heating,,
2-UV-PET-4_1,1.19,206.9,253.01,243,34.87,,,x,s,,,,,1st Heating,,
2-UV-PET-4_2,1.39,206.9,255.2,243.4,34.4,,,x,s,,,,,1st Heating,,
2-UV-PET-4_3,1.35,206.9,255.4,242.6,35,,,x,s,,,,,1st Heating,,
2-UV-PET-4_4,1.45,207,255.49,242.5,36.94,,,x,s,,,,,1st Heating,,
2-UV-PET-4_5,1.44,207.09,255.3,243.2,35.93,,,x,s,,,,,1st Heating,,
2-UV-PET-1_1,1.28,207.9,256.9,234.4,34.39,x,,,s,,,,,2nd Heating,243.2,
2-UV-PET-1_2,1.4,207.9,256.6,234.5,36.05,x,,,s,,,,,2nd Heating,243.4,
2-UV-PET-1_3,1.27,207.9,257,234.4,34.95,x,,,s,,,,,2nd Heating,243.7,
2-UV-PET-1_4,1.33,207.9,256.6,234.4,34.65,x,,,s,,,,,2nd Heating,243.3,
2-UV-PET-1_5,1.33,207.9,256.3,234.1,33.77,x,,,s,,,,,2nd Heating,243.4,
2-UV-PET-2_1,1.14,206.3,255.7,234.4,35.65,x,,,s,,,,,2nd Heating,244.2,
2-UV-PET-2_2,1.34,206.3,256.1,234.2,35.14,x,,,s,,,,,2nd Heating,243.7,
2-UV-PET-2_3,1.35,206.3,255.9,234.2,35.61,x,,,s,,,,,2nd Heating,244.2,
2-UV-PET-2_4,1.24,206.3,257.1,233.7,34.94,x,,,s,,,,,2nd Heating,243.8,
2-UV-PET-2_5,1.29,206.3,256.7,234,34.95,x,,,s,,,,,2nd Heating,244.3,
2-UV-PET-3_1,1.42,205.7,255.26,234.3,35.6,x,,,s,,,,,2nd Heating,244.2,
2-UV-PET-3_2,1.26,205.7,254.86,233.8,35.02,x,,,s,,,,,2nd Heating,243.4,
2-UV-PET-3_3,1.28,205.7,254.66,233.5,34.56,x,,,s,,,,,2nd Heating,243.1,
2-UV-PET-3_4,1.46,205.7,253.6,233.7,34.86,x,,,s,,,,,2nd Heating,243.4,
2-UV-PET-3_5,1.12,205.7,254.95,233.9,33.59,x,,,s,,,,,2nd Heating,243.4,
2-UV-PET-4_1,1.19,204,255.95,234.2,35.31,x,,,s,,,,,2nd Heating,243.4,
2-UV-PET-4_2,1.39,204,254.92,234.2,36.07,x,,,s,,,,,2nd Heating,244.3,
2-UV-PET-4_3,1.35,204,256.7,233.2,35.48,x,,,s,,,,,2nd Heating,242.9,
2-UV-PET-4_4,1.45,204.4,255.7,232.3,35.78,x,,,s,,,,,2nd Heating,243.2,
2-UV-PET-4_5,1.44,204.4,255.49,234.1,37.17,x,,,s,,,,,2nd Heating,243.6,
3-UV-PET-1_1,1.34,208.84,254.94,242.6,37.47,,,x,s,,,,,1st Heating,,
3-UV-PET-1_2,1.21,205.93,254.81,242.2,37.9,,,x,s,,,,,1st Heating,,
3-UV-PET-1_3,1.47,211.57,253.08,241.4,38.79,,,x,s,,,,,1st Heating,,
3-UV-PET-1_4,1.27,205.85,253.26,242.6,36.13,,,x,s,,,,,1st Heating,,
3-UV-PET-1_5,1.27,205.31,256.41,242.2,36.1,,,x,s,,,,,1st Heating,,
3-UV-PET-2_1,1.3,207.04,254.77,242.5,35.91,,,x,s,,,,,1st Heating,,
3-UV-PET-2_2,1.45,206.03,257.19,241.9,35.87,,,x,s,,,,,1st Heating,,
3-UV-PET-2_3,1.17,206.73,255.93,241.8,34.84,,,x,s,,,,,1st Heating,,
3-UV-PET-2_4,1.27,206.7,257.7,240.8,34.22,,,x,s,,,,,1st Heating,,
3-UV-PET-2_5,1.53,206.68,255.97,241.9,35.52,,,x,s,,,,,1st Heating,,
3-UV-PET-3_1,1.53,207.3,256.9,242.6,36.19,,,x,s,,,,,1st Heating,,
3-UV-PET-3_2,1.42,204.7,254.73,243,35.01,,,x,s,,,,,1st Heating,,
3-UV-PET-3_3,1.48,204.86,256.01,242.4,36.6,,,x,s,,,,,1st Heating,,
3-UV-PET-3_4,1.41,205.71,256.89,241.6,34.64,,,x,s,,,,,1st Heating,,
3-UV-PET-3_5,1.37,206.2,257.05,242.1,36.43,,,x,s,,,,,1st Heating,,
3-UV-PET-4_1,1.46,207.12,254.71,242.3,35.18,,,x,s,,,,,1st Heating,,
3-UV-PET-4_2,1.23,206.6,255.8,241.4,33.43,,,x,s,,,,,1st Heating,,
3-UV-PET-4_3,1.39,206.6,256.3,242.1,34.75,,,x,s,,,,,1st Heating,,
3-UV-PET-4_4,1.38,209.74,255.8,242.7,35.84,,,x,s,,,,,1st Heating,,
3-UV-PET-4_5,1.33,206.94,256.72,242.2,34.34,,,x,s,,,,,1st Heating,,
3-UV-PET-control-1_1,1.3,208.1,253.14,240.4,32.62,,,x,s,,,,,1st Heating,,
3-UV-PET-control-1_2,1.31,207.9,254.12,240,31.82,,,x,s,,,,,1st Heating,,
3-UV-PET-control-1_3,1.42,208.27,254.41,240.5,32.07,,,x,s,,,,,1st Heating,,
3-UV-PET-control-1_4,1.22,207.24,252.99,240.3,30.87,,,x,s,,,,,1st Heating,,
3-UV-PET-control-1_5,1.23,208.37,252.79,240.1,31.5,,,x,s,,,,,1st Heating,,
3-UV-PET-control-2_1,1.22,208.26,254.23,240,30.44,,,x,s,,,,,1st Heating,,
3-UV-PET-control-2_2,1.54,208.1,254.45,240.7,32.67,,,x,s,,,,,1st Heating,,
3-UV-PET-control-2_3,1.3,208.06,252.92,240.3,32.01,,,x,s,,,,,1st Heating,,
3-UV-PET-control-2_4,1.34,208.79,254.25,240.4,32.32,,,x,s,,,,,1st Heating,,
3-UV-PET-control-2_5,1.43,208.1,251.44,240.7,32.32,,,x,s,,,,,1st Heating,,
3-UV-PET-control-3_1,1.27,208.72,254.4,241,31.77,,,x,s,,,,,1st Heating,,
3-UV-PET-control-3_2,1.27,209.98,251.75,241.2,32.62,,,x,s,,,,,1st Heating,,
3-UV-PET-control-3_3,1.39,209.16,252.72,241.3,32.3,,,x,s,,,,,1st Heating,,
3-UV-PET-control-3_4,1.18,208.87,253.66,239.4,31.5,,,x,s,,,,,1st Heating,,
3-UV-PET-control-3_5,1.17,208.86,253.54,240.9,31.52,,,x,s,,,,,1st Heating,,
3-UV-PET-1_1,1.34,207.16,255.11,234.8,36.22,x,,,s,,,,,2nd Heating,243.3,
3-UV-PET-1_2,1.21,207.65,254.94,233.4,34.85,x,,,s,,,,,2nd Heating,243.4,
3-UV-PET-1_3,1.47,205.53,255.47,233.1,35.51,x,,,s,,,,,2nd Heating,243.1,
3-UV-PET-1_4,1.27,206.13,256.18,234.3,35.16,x,,,s,,,,,2nd Heating,243,
3-UV-PET-1_5,1.27,205.37,255.01,232.2,35.75,x,,,s,,,,,2nd Heating,242.8,
3-UV-PET-2_1,1.3,207.1,253.43,233.9,34.84,x,,,s,,,,,2nd Heating,243.3,
3-UV-PET-2_2,1.45,207.3,253.66,231.7,35.61,x,,,s,,,,,2nd Heating,242.5,
3-UV-PET-2_3,1.17,206.47,253.99,232.4,35.71,x,,,s,,,,,2nd Heating,242.2,
3-UV-PET-2_4,1.27,205.1,253.95,232.9,35.01,x,,,s,,,,,2nd Heating,242.6,
3-UV-PET-2_5,1.53,205.72,253.84,232.8,33.93,x,,,s,,,,,2nd Heating,242.2,
3-UV-PET-3_1,1.53,207.5,256.52,233.9,35.5,x,,,s,,,,,2nd Heating,243.2,
3-UV-PET-3_2,1.42,207.45,256.33,235.2,34.4,x,,,s,,,,,2nd Heating,243.4,
3-UV-PET-3_3,1.48,207.4,255.51,230.7,34.1,x,,,s,,,,,2nd Heating,240.7,
3-UV-PET-3_4,1.41,207.65,254.24,232.5,33.23,x,,,s,,,,,2nd Heating,242.8,
3-UV-PET-3_5,1.37,207.25,253.76,233.3,34.45,x,,,s,,,,,2nd Heating,241.8,
3-UV-PET-4_1,1.46,206.6,257.03,233.2,36.11,x,,,s,,,,,2nd Heating,242.1,
3-UV-PET-4_2,1.23,205.93,256.64,233.5,37.38,x,,,s,,,,,2nd Heating,242.3,
3-UV-PET-4_3,1.39,205.92,255.85,233.7,32.78,x,,,s,,,,,2nd Heating,241.8,
3-UV-PET-4_4,1.38,206.6,258.81,233.9,35.94,x,,,s,,,,,2nd Heating,243.6,
3-UV-PET-4_5,1.33,206.28,255.84,233.8,34.34,x,,,s,,,,,2nd Heating,242.8,
3-UV-PET-control-1_1,1.3,205,252.95,230.2,33.45,x,,,s,,,,,2nd Heating,240.3,
3-UV-PET-control-1_2,1.31,205,251.76,230.5,31.64,x,,,s,,,,,2nd Heating,240.3,
3-UV-PET-control-1_3,1.42,205.12,252.44,230.2,33.26,x,,,s,,,,,2nd Heating,238.9,
3-UV-PET-control-1_4,1.22,205.03,252.87,230.8,32.84,x,,,s,,,,,2nd Heating,238.8,
3-UV-PET-control-1_5,1.23,205.19,253.49,230.7,31.75,x,,,s,,,,,2nd Heating,239.3,
3-UV-PET-control-2_1,1.22,207.16,252.01,229.5,30.3,x,,,s,,,,,2nd Heating,240.3,
3-UV-PET-control-2_2,1.54,206.69,251.38,229.1,32.01,x,,,s,,,,,2nd Heating,239.1,
3-UV-PET-control-2_3,1.3,207.15,251.62,232.5,31.9,x,,,s,,,,,2nd Heating,239.5,
3-UV-PET-control-2_4,1.34,206,252.3,231,31.58,x,,,s,,,,,2nd Heating,239.3,
3-UV-PET-control-2_5,1.43,206.03,252.09,230.3,32.21,x,,,s,,,,,2nd Heating,238.9,
3-UV-PET-control-3_1,1.27,206.8,250.86,229.5,31.45,x,,,s,,,,,2nd Heating,239.6,
3-UV-PET-control-3_2,1.27,206.8,251.46,229.7,32.62,x,,,s,,,,,2nd Heating,239.9,
3-UV-PET-control-3_3,1.39,207.16,251.88,229.7,31.83,x,,,s,,,,,2nd Heating,240.3,
3-UV-PET-control-3_4,1.18,206.8,250,229.8,30.72,x,,,s,,,,,2nd Heating,239.5,
3-UV-PET-control-3_5,1.17,206.8,250.3,229.8,30.72,x,,,s,,,,,2nd Heating,240.5,
1-EBT-PET-1_1,1.24,213.98,252.27,242.8,36.43,,,x,s,,,,,1st Heating,,
1-EBT-PET-1_2,1.31,208.9,252.3,242.9,37.2,,,x,s,,,,,1st Heating,,
1-EBT-PET-1_3,1.16,209.3,255.59,242.9,39.17,,,x,s,,,,,1st Heating,,
1-EBT-PET-1_4,1.36,209.28,255.08,243.3,37.98,,,x,s,,,,,1st Heating,,
1-EBT-PET-1_5,1.38,213.4,254,243.4,38.16,,,x,s,,,,,1st Heating,,
1-EBT-PET-2_1,1.3,208.4,255.18,243,38.74,,,x,s,,,,,1st Heating,,
1-EBT-PET-2_2,1.46,207.23,254.74,242.8,38.71,,,x,s,,,,,1st Heating,,
1-EBT-PET-2_3,1.18,208.32,252.29,243,38.53,,,x,s,,,,,1st Heating,,
1-EBT-PET-2_4,1.29,208.3,254.7,242.6,39.8,,,x,s,,,,,1st Heating,,
1-EBT-PET-2_5,1.38,209.82,254.7,243,37.66,,,x,s,,,,,1st Heating,,
1-EBT-PET-3_1,1.3,209.8,254.7,242.9,37.93,,,x,s,,,,,1st Heating,,
1-EBT-PET-3_2,1.3,210.07,254.7,242.9,37.65,,,x,s,,,,,1st Heating,,
1-EBT-PET-3_3,1.26,213.58,253.83,243.3,37.09,,,x,s,,,,,1st Heating,,
1-EBT-PET-3_4,1.26,213.29,254.66,243.3,38.13,,,x,s,,,,,1st Heating,,
1-EBT-PET-3_5,1.17,211.89,254.65,243.3,38.17,,,x,s,,,,,1st Heating,,
1-EBT-PET-4_1,1.08,214.2,255.56,242.7,38.31,,,x,s,,,,,1st Heating,,
1-EBT-PET-4_2,1.21,218.33,255.5,243.4,37.36,,,x,s,,,,,1st Heating,,
1-EBT-PET-4_3,1.07,214.86,255.5,241.9,35.42,,,x,,,,,,1st Heating,,
1-EBT-PET-4_4,1.35,214.98,256.09,243.6,35.78,,,x,s,,,,,1st Heating,,
1-EBT-PET-4_5,1.49,214.62,255.22,243,37.6,,,x,s,,,,,1st Heating,,
1-EBT-PET-1_1,1.24,202.12,254.05,230.2,33.08,1<2,,,s,,,,,2nd Heating,242.8,
1-EBT-PET-1_2,1.31,202.2,255.8,230.6,33.94,1<2,,,s,,,,,2nd Heating,241.2,
1-EBT-PET-1_3,1.16,202.01,253.44,231.6,35.2,1<2,,,s,,,,,2nd Heating,241.7,
1-EBT-PET-1_4,1.36,203.46,256.2,229.7,32.65,1<2,,,s,,,,,2nd Heating,241,
1-EBT-PET-1_5,1.38,203.56,255.99,232.3,37.31,1<2,,,s,,,,,2nd Heating,241.9,
1-EBT-PET-2_1,1.3,203.63,253.48,230.8,34.07,1<2,,,s,,,,,2nd Heating,242.4,
1-EBT-PET-2_2,1.46,203.37,251.68,231.5,34.92,1<2,,,s,,,,,2nd Heating,242.4,
1-EBT-PET-2_3,1.18,204.22,253.58,232.2,33.65,1<2,,,s,,,,,2nd Heating,242.3,
1-EBT-PET-2_4,1.29,203.7,254.75,232.8,34.67,1<2,,,s,,,,,2nd Heating,242.4,
1-EBT-PET-2_5,1.38,203.69,255.73,231.7,34.87,1<2,,,s,,,,,2nd Heating,241.9,
1-EBT-PET-3_1,1.08,202,254.2,232,33.89,1<2,,,s,,,,,2nd Heating,241.8,
1-EBT-PET-3_2,1.28,202.2,254.06,232.2,33.58,1<2,,,s,,,,,2nd Heating,241.1,
1-EBT-PET-3_3,1.19,203.8,253.81,233.5,34.67,1<2,,,s,,,,,2nd Heating,242.6,
1-EBT-PET-3_4,1.23,203.71,254.2,232.3,35.54,1<2,,,s,,,,,2nd Heating,242.7,
1-EBT-PET-3_5,1.49,204.47,255.06,230.4,33.75,1<2,,,s,,,,,2nd Heating,241.9,
1-EBT-PET-4_1,1.08,206.5,253.35,232,34.27,1<2,,,s,,,,,2nd Heating,242.3,
1-EBT-PET-4_2,1.21,204.63,254.02,232.7,35.47,1<2,,,s,,,,,2nd Heating,242.9,
1-EBT-PET-4_3,1.07,205.95,252.88,233.7,34,1<2,,,s,,,,,2nd Heating,241.9,
1-EBT-PET-4_4,1.35,205.91,252.34,232.3,33.82,1<2,,,s,,,,,2nd Heating,242.7,
1-EBT-PET-4_5,1.49,205.897,255.59,234.2,35.52,1<2,,,s,,,,,2nd Heating,242.1,
2-EBT-PET-1_1,1.5,214.6,256.3,241.5,39.21,,,x,s,,,,,1st Heating,,
2-EBT-PET-1_2,1.44,214.65,254.95,242.3,36.99,,,x,s,,,,,1st Heating,,
2-EBT-PET-1_3,1.49,214.6,252.69,242.2,38.05,,,x,s,,,,,1st Heating,,
2-EBT-PET-1_4,1.24,214.6,255.22,241.9,38.64,,,x,s,,,,,1st Heating,,
2-EBT-PET-1_5,1.3,214.6,254.88,242,38.61,,,x,s,,,,,1st Heating,,
2-EBT-PET-2_1,1.46,215.42,255.31,242.6,38.72,,,x,s,,,,,1st Heating,,
2-EBT-PET-2_2,1.45,215.23,255.05,241.5,37.38,,,x,s,,,,,1st Heating,,
2-EBT-PET-2_3,1.27,215.74,255.02,242,36.08,,,x,s,,,,,1st Heating,,
2-EBT-PET-2_4,1.38,215.94,252.99,241.6,36.55,,,x,s,,,,,1st Heating,,
2-EBT-PET-2_5,1.35,215.91,253.58,242,36.99,,,x,s,,,,,1st Heating,,
2-EBT-PET-3_1,1.43,214.6,252.68,241.3,37.81,,,x,s,,,,,1st Heating,,
2-EBT-PET-3_2,1.46,214.6,254.35,241.1,37.42,,,x,s,,,,,1st Heating,,
2-EBT-PET-3_3,1.51,214.6,252.21,242.2,37.21,,,x,s,,,,,1st Heating,,
2-EBT-PET-3_4,1.19,214.6,254.3,241.7,38.6,,,x,s,,,,,1st Heating,,
2-EBT-PET-3_5,1.23,214.77,254.3,241.4,36.81,,,x,s,,,,,1st Heating,,
2-EBT-PET-4_1,1.33,214.59,252.38,241.8,35.99,,,x,s,,,,,1st Heating,,
2-EBT-PET-4_2,1.45,214.5,254,241.6,37.5,,,x,s,,,,,1st Heating,,
2-EBT-PET-4_3,1.44,214.5,253.4,241.9,38.28,,,x,s,,,,,1st Heating,,
2-EBT-PET-4_4,1.49,214.5,253.86,241.4,38.03,,,x,s,,,,,1st Heating,,
2-EBT-PET-4_5,1.44,214.5,252.53,241.2,38.28,,,x,s,,,,,1st Heating,,
2-EBT-PET-1_1,1.5,205.5,256.33,,36.42,,,,s,,,,,2nd Heating,241.8,x
2-EBT-PET-1_2,1.44,206,255.9,,35.89,,,,s,,,,,2nd Heating,242.1,x
2-EBT-PET-1_3,1.49,206.14,254.51,,37.06,,,,s,,,,,2nd Heating,241.8,x
2-EBT-PET-1_4,1.24,206.27,253.96,,35.07,,,,s,,,,,2nd Heating,242.2,x
2-EBT-PET-1_5,1.3,206.19,254.51,,36.68,,,,s,,,,,2nd Heating,242.4,x
2-EBT-PET-2_1,1.46,206.81,256.3,232.4,38.49,1<2,,,s,,,,,2nd Heating,242.3,
2-EBT-PET-2_2,1.45,207.5,252.7,233.1,35.55,1<2,,,s,,,,,2nd Heating,241.5,
2-EBT-PET-2_3,1.27,203.8,252.6,232.7,35.93,1<2,,,s,,,,,2nd Heating,241.1,
2-EBT-PET-2_4,1.38,206.57,256.07,232.4,36.16,1<2,,,s,,,,,2nd Heating,242.8,
2-EBT-PET-2_5,1.35,207.1,255.1,233,35.58,1<2,,,s,,,,,2nd Heating,241.7,
2-EBT-PET-3_1,1.43,206.04,252.92,232.1,36.8,1<2,,,s,,,,,2nd Heating,241.9,
2-EBT-PET-3_2,1.46,207.25,253.6,233,34.98,1<2,,,s,,,,,2nd Heating,241.3,
2-EBT-PET-3_3,1.51,208.88,254,231.9,34.84,1<2,,,s,,,,,2nd Heating,241,
2-EBT-PET-3_4,1.19,207.65,254,230.9,35.48,1<2,,,s,,,,,2nd Heating,241.4,
2-EBT-PET-3_5,1.23,207.93,253.98,231.7,33.78,1<2,,,s,,,,,2nd Heating,242.3,
2-EBT-PET-4_1,1.33,204.8,253.9,232.5,34.58,1<2,,,s,,,,,2nd Heating,242.1,
2-EBT-PET-4_2,1.45,205.79,254.94,,35.26,,,,s,,,,,2nd Heating,241.8,x
2-EBT-PET-4_3,1.44,206.8,255.31,231.7,35.33,1<2,,,s,,,,,2nd Heating,242,
2-EBT-PET-4_4,1.49,206.7,254.29,,36.77,,,,s,,,,,2nd Heating,241.5,x
2-EBT-PET-4_5,1.44,206.12,253.39,,36.57,,,,s,,,,,2nd Heating,241.9,x
3-EBT-PET-1_1,1.41,213.73,255.6,240.1,38.83,,,x,s,,,,,1st Heating,,
3-EBT-PET-1_2,1.16,213.6,252.08,240.2,38.33,,,x,s,,,,,1st Heating,,
3-EBT-PET-1_3,1.47,213.86,253.99,239.8,38.99,,,x,s,,,,,1st Heating,,
3-EBT-PET-1_4,1.3,213.185,250.7,240,37.82,,,x,s,,,,,1st Heating,,
3-EBT-PET-1_5,1.21,212.5,254.59,239.5,37.35,,,x,s,,,,,1st Heating,,
3-EBT-PET-2_1,1.38,212.7,254.7,240.1,38.06,,,x,s,,,,,1st Heating,,
3-EBT-PET-2_2,1.26,212.7,252.75,240.2,37.56,,,x,s,,,,,1st Heating,,
3-EBT-PET-2_3,1.41,212.68,254.38,240.9,37.95,,,x,s,,,,,1st Heating,,
3-EBT-PET-2_4,1.45,212.76,254.58,240.6,38.47,,,x,s,,,,,1st Heating,,
3-EBT-PET-2_5,1.34,212.7,254.7,240.1,38.31,,,x,s,,,,,1st Heating,,
3-EBT-PET-3_1,1.25,214.78,253.01,240.5,37.73,,,x,s,,,,,1st Heating,,
3-EBT-PET-3_2,1.5,213.6,253.2,240,37.52,,,x,s,,,,,1st Heating,,
3-EBT-PET-3_3,1.49,214.02,252.89,240.7,37.22,,,x,s,,,,,1st Heating,,
3-EBT-PET-3_4,1.26,213.99,252.88,241.5,35.63,,,x,s,,,,,1st Heating,,
3-EBT-PET-3_5,1.23,213.6,253.26,239.2,41.03,,,x,s,,,,,1st Heating,,
3-EBT-PET-4_1,1.18,211.1,253.4,240.3,37.17,,,x,s,,,,,1st Heating,,
3-EBT-PET-4_2,1.27,210.1,253.03,239.4,38.96,,,x,s,,,,,1st Heating,,
3-EBT-PET-4_3,1.3,207.6,254.5,240.1,39.44,,,x,s,,,,,1st Heating,,
3-EBT-PET-4_4,1.21,209.1,254.46,239.9,39.22,,,x,s,,,,,1st Heating,,
3-EBT-PET-4_5,1.15,209.14,254.32,239.6,39.75,,,x,s,,,,,1st Heating,,
3-EBT-PET-1_1,1.41,203.42,254.05,240.2,36.89,,,x,s,,,,,2nd Heating,,
3-EBT-PET-1_2,1.16,203.3,255.886,239.5,37.93,,,x,s,,,,,2nd Heating,,
3-EBT-PET-1_                                               ,1.47,203.279,250.93,241.3,37.43,,,x,s,,,,,2nd Heating,,
3-EBT-PET-1_4,1.3,206.43,252.99,239.7,37.4,,,x,s,,,,,2nd Heating,,
3-EBT-PET-1_5,1.21,205.65,255.43,241.2,36.56,,,x,s,,,,,2nd Heating,,
3-EBT-PET-2_1,1.38,204.58,256.23,240.7,36.92,,,x,s,,,,,2nd Heating,,
3-EBT-PET-2_2,1.26,204.42,255.39,240.5,35.36,,,x,s,,,,,2nd Heating,,
3-EBT-PET-2_3,1.41,204.8,251.69,241.2,37.2,,,x,s,,,,,2nd Heating,,
3-EBT-PET-2_4,1.45,203.83,254.45,241.4,37.01,,,x,s,,,,,2nd Heating,,
3-EBT-PET-2_5,1.34,205.91,252.51,241,36.71,,,x,s,,,,,2nd Heating,,
3-EBT-PET-3_1,1.25,204.73,251.67,239.9,35.14,,,x,s,,,,,2nd Heating,,
3-EBT-PET-3_2,1.5,206.78,253.53,241.2,35.51,,,,s,,,,,2nd Heating,,x
3-EBT-PET-3_3,1.49,205.21,250.62,240.6,37.09,,,x,s,,,,,2nd Heating,,
3-EBT-PET-3_4,1.26,205.41,251.9,240.8,34.31,,,,s,,,,,2nd Heating,,x
3-EBT-PET-3_5,1.23,206,252,239.9,40.51,,,x,s,,,,,2nd Heating,,
3-EBT-PET-4_1,1.18,205.46,254.29,239.9,36.62,,,x,s,,,,,2nd Heating,,
3-EBT-PET-4_2,1.27,201.99,251.99,239.9,36.95,,,x,s,,,,,2nd Heating,,
3-EBT-PET-4_3,1.3,202.37,251.33,240,36.87,,,x,s,,,,,2nd Heating,,
3-EBT-PET-4_4,1.21,198.86,256.1,239.3,36.3,,,x,s,,,,,2nd Heating,,
3-EBT-PET-4_5,1.15,201.98,250.86,240.2,37.02,,,x,s,,,,,2nd Heating,,
